Modelo,Recall,Precision,F1,ROC_AUC
Logistic Regression,0.8040540540540541,0.1811263318112633,0.2956521739130435,0.9241490978052325
Random Forest,0.8378378378378378,0.6169154228855721,0.7106017191977078,0.9746247522509319
XGBoost,0.8243243243243243,0.8079470198675497,0.8160535117056856,0.9778899304955931
